﻿<?xml version="1.0" encoding="utf-8" ?>
<ThingDefs>

  <ThingDef Name="BaseMeleeWeaponTool" Abstract="True" ParentName="BaseWeapon">
    <techLevel>Industrial</techLevel>
		<smeltable>true</smeltable>
		<weaponTags>
      <li>Tools</li>
    </weaponTags>
    <thingCategories>
      <li>WeaponsMelee</li>
    </thingCategories>
    <comps>
      <li>
        <compClass>CompQuality</compClass>
      </li>
      <li Class="CompProperties_Art">
        <nameMaker>ArtName_WeaponMelee</nameMaker>
        <descriptionMaker>ArtDescription_WeaponMelee</descriptionMaker>
        <minQualityForArtistic>Excellent</minQualityForArtistic>
      </li>
    </comps>
    <recipeMaker>
      <workSpeedStat>SmithingSpeed</workSpeedStat>
      <workSkill>Crafting</workSkill>
      <effectWorking>Smith</effectWorking>
      <soundWorking>Recipe_Smith</soundWorking>
      <recipeUsers>
        <li>ElectricSmithy</li>
        <li>FueledSmithy</li>
      </recipeUsers>
      <unfinishedThingDef>UnfinishedWeapon</unfinishedThingDef>
    </recipeMaker>
    <inspectorTabs>
      <li>ITab_Art</li>
    </inspectorTabs>
  </ThingDef>



  <ThingDef Name="BaseMeleeWeaponTool_Sharp" ParentName="BaseMeleeWeaponTool" Abstract="True">
    <recipeMaker>
    <defaultIngredientFilter>
      <categories>
        <li>Root</li>
      </categories>
      <exceptedThingDefs>
        <li>Silver</li>
        <li>Gold</li>
        <li>WoodLog</li>
      </exceptedThingDefs>
    </defaultIngredientFilter>
    </recipeMaker>
  </ThingDef>

  <ThingDef Name="BaseMeleeWeaponTool_Blunt" ParentName="BaseMeleeWeaponTool" Abstract="True">
    <recipeMaker>
      <defaultIngredientFilter>
        <categories>
          <li>Root</li>
        </categories>
        <exceptedThingDefs>
          <li>Silver</li>
          <li>Gold</li>
        </exceptedThingDefs>
      </defaultIngredientFilter>
    </recipeMaker>
  </ThingDef>

 
  <!-- ============================================================== -->


	<ThingDef ParentName="BaseMeleeWeaponTool_Sharp">
		<defName>MeleeWeaponry_Pickle</defName>
		<label>Pneumatic Pick</label>
		<description>Reliable and deadly mining tool.</description>
		<graphicData>
			<texPath>Pickle</texPath>
			<graphicClass>Graphic_Single</graphicClass>
		</graphicData>
		<costStuffCount>50</costStuffCount>
		<statBases>
			<WorkToMake>30000</WorkToMake>
			<Mass>0.5</Mass>
			<MeleeWeapon_DamageAmount>11</MeleeWeapon_DamageAmount>
			<MeleeWeapon_Cooldown>2.03</MeleeWeapon_Cooldown>
		</statBases>
		<equippedStatOffsets>
			<MiningSpeed>0.25</MiningSpeed>
			<MiningYield>0.1</MiningYield>
		</equippedStatOffsets>
		<equippedAngleOffset>-40</equippedAngleOffset>
		<stuffCategories>
			<li>Metallic</li>
		</stuffCategories>
		<verbs>
			<li>
				<verbClass>Verb_MeleeAttack</verbClass>
				<hasStandardCommand>true</hasStandardCommand>
				<meleeDamageDef>Cut</meleeDamageDef>
			</li>
		</verbs>
	</ThingDef>

	<ThingDef ParentName="BaseMeleeWeaponTool_Sharp">
		<defName>MeleeWeaponry_Danny</defName>
		<label>Machete</label>
		<description>Meant to be used for clearing path in dense jungles, Nowadays mostly used for clearing density from someone's shoulders.</description>
		<graphicData>
			<texPath>DannyTrejo</texPath>
			<graphicClass>Graphic_Single</graphicClass>
		</graphicData>
		<costStuffCount>50</costStuffCount>
		<statBases>
			<WorkToMake>30000</WorkToMake>
			<Mass>0.5</Mass>
			<MeleeWeapon_DamageAmount>11</MeleeWeapon_DamageAmount>
			<MeleeWeapon_Cooldown>1.66</MeleeWeapon_Cooldown>
		</statBases>
		<equippedStatOffsets>
			<PlantWorkSpeed>0.15</PlantWorkSpeed>
		</equippedStatOffsets>
		<equippedAngleOffset>-40</equippedAngleOffset>
		<stuffCategories>
			<li>Metallic</li>
		</stuffCategories>
		<verbs>
			<li>
				<verbClass>Verb_MeleeAttack</verbClass>
				<hasStandardCommand>true</hasStandardCommand>
				<meleeDamageDef>Cut</meleeDamageDef>
			</li>
		</verbs>
	</ThingDef>

	<ThingDef ParentName="BaseMeleeWeaponTool_Blunt">
		<defName>MeleeWeaponry_Spatula</defName>
		<label>Spatula</label>
		<description>The most cheftacular equipment for cooking. Or shaming your rivals with it's majestic slap.</description>
		<graphicData>
			<texPath>Spatula</texPath>
			<graphicClass>Graphic_Single</graphicClass>
		</graphicData>
		<costStuffCount>50</costStuffCount>
		<statBases>
			<WorkToMake>30000</WorkToMake>
			<Mass>0.5</Mass>
			<MeleeWeapon_DamageAmount>5</MeleeWeapon_DamageAmount>
			<MeleeWeapon_Cooldown>1.66</MeleeWeapon_Cooldown>
		</statBases>
		<equippedStatOffsets>
			<CookSpeed>0.15</CookSpeed>
			<FoodPoisonChance>-0.05</FoodPoisonChance>
		</equippedStatOffsets>
		<equippedAngleOffset>-40</equippedAngleOffset>
		<stuffCategories>
			<li>Metallic</li>
		</stuffCategories>
		<verbs>
			<li>
				<verbClass>Verb_MeleeAttack</verbClass>
				<hasStandardCommand>true</hasStandardCommand>
				<meleeDamageDef>Blunt</meleeDamageDef>
			</li>
		</verbs>
	</ThingDef>


	<ThingDef ParentName="BaseMeleeWeaponTool_Sharp">
		<defName>MeleeWeaponry_Bonesaw</defName>
		<label>Bonesaw</label>
		<description>Theres never a dull moment with a doctor armed with this and their favourite phrases at the ready. "Trust me! You won't feel a thing" And "Oops, is this supposed to bleed so much?".</description>
		<graphicData>
			<texPath>Bonesaw</texPath>
			<graphicClass>Graphic_Single</graphicClass>
		</graphicData>
		<costStuffCount>50</costStuffCount>
		<statBases>
			<WorkToMake>30000</WorkToMake>
			<Mass>0.5</Mass>
			<MeleeWeapon_DamageAmount>9</MeleeWeapon_DamageAmount>
			<MeleeWeapon_Cooldown>1.66</MeleeWeapon_Cooldown>
		</statBases>
		<equippedStatOffsets>
			<MedicalTendQuality>0.05</MedicalTendQuality>
			<MedicalTendSpeed>0.1</MedicalTendSpeed>
			<MedicalOperationSpeed>0.35</MedicalOperationSpeed>
			<MedicalSurgerySuccessChance>0.15</MedicalSurgerySuccessChance>
		</equippedStatOffsets>
		<equippedAngleOffset>-30</equippedAngleOffset>
		<stuffCategories>
			<li>Metallic</li>
		</stuffCategories>
		<verbs>
			<li>
				<verbClass>Verb_MeleeAttack</verbClass>
				<hasStandardCommand>true</hasStandardCommand>
				<meleeDamageDef>Cut</meleeDamageDef>
			</li>
		</verbs>
	</ThingDef>

	<ThingDef ParentName="BaseMeleeWeaponTool_Blunt">
		<defName>MeleeWeaponry_Croppy</defName>
		<label>Riding crop</label>
		<description>While virtually useless as a weapon, Riding crops have proven to give extremely dominant image of the wielder, and thus speeding up the recruitment and taming process.</description>
		<graphicData>
			<texPath>RidingCrop</texPath>
			<graphicClass>Graphic_Single</graphicClass>
		</graphicData>
		<costStuffCount>50</costStuffCount>
		<statBases>
			<WorkToMake>20000</WorkToMake>
			<Mass>0.5</Mass>
			<MeleeWeapon_DamageAmount>5</MeleeWeapon_DamageAmount>
			 <MeleeWeapon_Cooldown>1.0</MeleeWeapon_Cooldown>
		</statBases>
		<equippedStatOffsets>
			<RecruitPrisonerChance>0.05</RecruitPrisonerChance>
			<TameAnimalChance>0.15</TameAnimalChance>
		</equippedStatOffsets>
		<equippedAngleOffset>-15</equippedAngleOffset>
		<stuffCategories>
			<li>Leathery</li>
		</stuffCategories>
		<verbs>
			<li>
				<verbClass>Verb_MeleeAttack</verbClass>
				<hasStandardCommand>true</hasStandardCommand>
				<meleeDamageDef>Blunt</meleeDamageDef>
			</li>
		</verbs>
	</ThingDef>

	<ThingDef ParentName="BaseMeleeWeaponTool_Blunt">
		<defName>MeleeWeaponry_DeckardCane</defName>
		<label>Cane</label>
		<description>Cane with a heavy knob as a handle. Makes the user seem all the more respectable and very suave. Also helps them keep on their feet.</description>
		<graphicData>
			<texPath>CitizenCane</texPath>
			<graphicClass>Graphic_Single</graphicClass>
		</graphicData>
		<costStuffCount>50</costStuffCount>
		<statBases>
			<WorkToMake>20000</WorkToMake>
			<Mass>0.5</Mass>
			<MeleeWeapon_DamageAmount>9</MeleeWeapon_DamageAmount>
			<MeleeWeapon_Cooldown>1.75</MeleeWeapon_Cooldown>
		</statBases>
		<equippedStatOffsets>
			<SocialImpact>0.25</SocialImpact>
		</equippedStatOffsets>
		<equippedAngleOffset>-15</equippedAngleOffset>
		<stuffCategories>
			<li>Metallic</li>
			<li>Woody</li>
		</stuffCategories>
		<verbs>
			<li>
				<verbClass>Verb_MeleeAttack</verbClass>
				<hasStandardCommand>true</hasStandardCommand>
				<meleeDamageDef>Blunt</meleeDamageDef>
			</li>
		</verbs>
	</ThingDef>

	<ThingDef ParentName="BaseMeleeWeaponTool_Blunt">
		<defName>MeleeWeaponry_MankiWrench</defName>
		<label>Mechano-Wrench</label>
		<description>Ginormous wrench, mainly used in spaceship maintenance but could technically be applied to mechanoid disassembly process</description>
		<graphicData>
			<texPath>Monkeywrench</texPath>
			<graphicClass>Graphic_Single</graphicClass>
		</graphicData>
		<costStuffCount>50</costStuffCount>
		<statBases>
			<WorkToMake>30000</WorkToMake>
			<Mass>0.5</Mass>
			<MeleeWeapon_DamageAmount>15</MeleeWeapon_DamageAmount>
			<MeleeWeapon_Cooldown>2.16</MeleeWeapon_Cooldown>
		</statBases>
		<equippedStatOffsets>
			<FixBrokenDownBuildingSuccessChance>0.05</FixBrokenDownBuildingSuccessChance>
			<ButcheryMechanoidEfficiency>1</ButcheryMechanoidEfficiency>
		</equippedStatOffsets>
		<equippedAngleOffset>-45</equippedAngleOffset>
		<stuffCategories>
			<li>Metallic</li>
		</stuffCategories>
		<verbs>
			<li>
				<verbClass>Verb_MeleeAttack</verbClass>
				<hasStandardCommand>true</hasStandardCommand>
				<meleeDamageDef>Blunt</meleeDamageDef>
			</li>
		</verbs>
	</ThingDef>

	<ThingDef ParentName="BaseMeleeWeaponTool_Sharp">
		<defName>MeleeWeaponry_Needler</defName>
		<label>Tailorer 3000</label>
		<description>Ginormous needle with attached scissors. It's not known what kind of twisted mind conjured up this tool but it's been found to be efficient at what it does.</description>
		<graphicData>
			<texPath>Sewerer</texPath>
			<graphicClass>Graphic_Single</graphicClass>
		</graphicData>
		<costStuffCount>50</costStuffCount>
		<statBases>
			<WorkToMake>30000</WorkToMake>
			<Mass>0.5</Mass>
			<MeleeWeapon_DamageAmount>12</MeleeWeapon_DamageAmount>
			<MeleeWeapon_Cooldown>1.66</MeleeWeapon_Cooldown>
		</statBases>
		<equippedStatOffsets>
			<TailoringSpeed>0.3</TailoringSpeed>
		</equippedStatOffsets>
		<equippedAngleOffset>-45</equippedAngleOffset>
		<stuffCategories>
			<li>Metallic</li>
		</stuffCategories>
		<verbs>
			<li>
				<verbClass>Verb_MeleeAttack</verbClass>
				<hasStandardCommand>true</hasStandardCommand>
				<meleeDamageDef>Stab</meleeDamageDef>
			</li>
		</verbs>
	</ThingDef>
	
	<ThingDef ParentName="BaseMeleeWeaponTool_Sharp">
		<defName>MeleeWeaponry_Cleaverer</defName>
		<label>Meat cleaver</label>
		<description>Tool designed to separate meat from bones and casting menacing shadows through shower curtains.</description>
		<graphicData>
			<texPath>Cleaverer</texPath>
			<graphicClass>Graphic_Single</graphicClass>
		</graphicData>
		<costStuffCount>50</costStuffCount>
		<statBases>
			<WorkToMake>30000</WorkToMake>
			<Mass>0.5</Mass>
			<MeleeWeapon_DamageAmount>12</MeleeWeapon_DamageAmount>
			<MeleeWeapon_Cooldown>1.66</MeleeWeapon_Cooldown>
		</statBases>
		<equippedStatOffsets>
			<ButcheryFleshSpeed>0.2</ButcheryFleshSpeed>
			<ButcheryFleshEfficiency>0.2</ButcheryFleshEfficiency>
		</equippedStatOffsets>
		<equippedAngleOffset>-45</equippedAngleOffset>
		<stuffCategories>
			<li>Metallic</li>
		</stuffCategories>
		<verbs>
			<li>
				<verbClass>Verb_MeleeAttack</verbClass>
				<hasStandardCommand>true</hasStandardCommand>
				<meleeDamageDef>Cut</meleeDamageDef>
			</li>
		</verbs>
	</ThingDef>

	<ThingDef ParentName="BaseMeleeWeaponTool_Sharp">
		<defName>MeleeWeaponry_Breadener</defName>
		<label>Breadknife</label>
		<description>Your favourite tool for cutting bread and ending quarrels.</description>
		<graphicData>
			<texPath>Kitchy</texPath>
			<graphicClass>Graphic_Single</graphicClass>
		</graphicData>
		<costStuffCount>50</costStuffCount>
		<statBases>
			<WorkToMake>20000</WorkToMake>
			<Mass>0.5</Mass>
			<MeleeWeapon_DamageAmount>5</MeleeWeapon_DamageAmount>
			<MeleeWeapon_Cooldown>1</MeleeWeapon_Cooldown>
		</statBases>
		<equippedStatOffsets>
			<ButcheryFleshSpeed>0.05</ButcheryFleshSpeed>
			<ButcheryFleshEfficiency>0.05</ButcheryFleshEfficiency>
			<CookSpeed>0.05</CookSpeed>
			<FoodPoisonChance>-0.05</FoodPoisonChance>			
		</equippedStatOffsets>
		<equippedAngleOffset>-45</equippedAngleOffset>
		<stuffCategories>
			<li>Metallic</li>
		</stuffCategories>
		<verbs>
			<li>
				<verbClass>Verb_MeleeAttack</verbClass>
				<hasStandardCommand>true</hasStandardCommand>
				<meleeDamageDef>Cut</meleeDamageDef>
			</li>
		</verbs>
	</ThingDef>
	
	<ThingDef ParentName="BaseMeleeWeaponTool_Sharp">
		<defName>MeleeWeaponry_Chipper</defName>
		<label>Chiphook</label>
		<description>What is a stone, eh? you cut it, you mold it, you chip it with a chiphook. Some say it's ruining a perfectly good stone; Others say it's art.</description>
		<graphicData>
			<texPath>Chiphook</texPath>
			<graphicClass>Graphic_Single</graphicClass>
		</graphicData>
		<costStuffCount>50</costStuffCount>
		<statBases>
			<WorkToMake>30000</WorkToMake>
			<Mass>0.5</Mass>
			<MeleeWeapon_DamageAmount>5</MeleeWeapon_DamageAmount>
			<MeleeWeapon_Cooldown>1.33</MeleeWeapon_Cooldown>
		</statBases>
		<equippedStatOffsets>
			<MiningSpeed>0.02</MiningSpeed>
			<SmoothingSpeed>0.10</SmoothingSpeed>
			<SculptingSpeed>0.18</SculptingSpeed>
			<StonecuttingSpeed>0.10</StonecuttingSpeed>
			<MiningYield>0.05</MiningYield>
		</equippedStatOffsets>
		<equippedAngleOffset>-40</equippedAngleOffset>
		<stuffCategories>
			<li>Metallic</li>
		</stuffCategories>
		<verbs>
			<li>
				<verbClass>Verb_MeleeAttack</verbClass>
				<hasStandardCommand>true</hasStandardCommand>
				<meleeDamageDef>Cut</meleeDamageDef>
			</li>
		</verbs>
	</ThingDef>

</ThingDefs>